{"cameraMode":{"drawMode":0,"name":"Shaded","section":"Shading Mode"},"sceneLighting":true,"audioPlay":false,"sceneViewState":{"m_AlwaysRefresh":false,"showFog":true,"showSkybox":true,"showFlares":true,"showImageEffects":true,"showParticleSystems":true,"showVisualEffectGraphs":true,"m_FxEnabled":true},"in2DMode":false,"pivot":{"x":373.1370849609375,"y":208.9886016845703,"z":0.6125885248184204},"rotation":{"x":-0.029486505314707757,"y":-0.9573516249656677,"z":0.10555101931095123,"w":-0.26743942499160769},"size":0.7071067690849304,"orthographic":false}