{"cameraMode":{"drawMode":0,"name":"Shaded","section":"Shading Mode"},"sceneLighting":true,"audioPlay":false,"sceneViewState":{"m_AlwaysRefresh":false,"showFog":true,"showSkybox":true,"showFlares":true,"showImageEffects":true,"showParticleSystems":true,"showVisualEffectGraphs":true,"m_FxEnabled":true},"in2DMode":false,"pivot":{"x":196.49960327148438,"y":1.4374427795410157,"z":180.93826293945313},"rotation":{"x":0.33408352732658389,"y":-0.16903451085090638,"z":0.06135313957929611,"w":0.9254132509231567},"size":15.577028274536133,"orthographic":true}