{"cameraMode":{"drawMode":0,"name":"Shaded","section":"Shading Mode"},"sceneLighting":true,"audioPlay":false,"sceneViewState":{"m_AlwaysRefresh":false,"showFog":true,"showSkybox":true,"showFlares":true,"showImageEffects":true,"showParticleSystems":true,"showVisualEffectGraphs":true,"m_FxEnabled":true},"in2DMode":false,"pivot":{"x":297.1000061035156,"y":21.414899826049806,"z":108.20001220703125},"rotation":{"x":0.10307729244232178,"y":0.1984371840953827,"z":-0.02066008560359478,"w":0.9746184945106506},"size":56.50336837768555,"orthographic":true}