{"cameraMode":{"drawMode":0,"name":"Shaded","section":"Shading Mode"},"sceneLighting":false,"audioPlay":false,"sceneViewState":{"m_AlwaysRefresh":false,"showFog":true,"showSkybox":false,"showFlares":true,"showImageEffects":true,"showParticleSystems":true,"showVisualEffectGraphs":true,"m_FxEnabled":true},"in2DMode":false,"pivot":{"x":142.31930541992188,"y":45.82899856567383,"z":-155.15728759765626},"rotation":{"x":0.024708136916160585,"y":-0.9696173667907715,"z":0.21616561710834504,"w":0.11272010952234268},"size":0.8660253882408142,"orthographic":true}