{"cameraMode":{"drawMode":0,"name":"Shaded","section":"Shading Mode"},"sceneLighting":true,"audioPlay":false,"sceneViewState":{"m_AlwaysRefresh":false,"showFog":true,"showSkybox":true,"showFlares":true,"showImageEffects":true,"showParticleSystems":true,"showVisualEffectGraphs":true,"m_FxEnabled":true},"in2DMode":false,"pivot":{"x":169.47073364257813,"y":2.468560218811035,"z":198.18124389648438},"rotation":{"x":0.04345206916332245,"y":-0.039849720895290378,"z":0.0017347577959299088,"w":0.9982634782791138},"size":0.8660253882408142,"orthographic":true}