{"cameraMode":{"drawMode":0,"name":"Shaded","section":"Shading Mode"},"sceneLighting":true,"audioPlay":false,"sceneViewState":{"m_AlwaysRefresh":false,"showFog":true,"showSkybox":true,"showFlares":true,"showImageEffects":true,"showParticleSystems":true,"showVisualEffectGraphs":true,"m_FxEnabled":true},"in2DMode":false,"pivot":{"x":262.0280456542969,"y":121.45429992675781,"z":107.67498779296875},"rotation":{"x":0.2464628964662552,"y":-0.22936175763607026,"z":0.0601566843688488,"w":0.9397019743919373},"size":171.29759216308595,"orthographic":true}