{"cameraMode":{"drawMode":0,"name":"Shaded","section":"Shading Mode"},"sceneLighting":false,"audioPlay":false,"sceneViewState":{"m_AlwaysRefresh":false,"showFog":true,"showSkybox":false,"showFlares":true,"showImageEffects":true,"showParticleSystems":true,"showVisualEffectGraphs":true,"m_FxEnabled":true},"in2DMode":false,"pivot":{"x":199.93284606933595,"y":2.267789840698242,"z":170.0446319580078},"rotation":{"x":0.0011945851147174836,"y":-0.9930338859558106,"z":-0.01012011431157589,"w":-0.11763334274291992},"size":0.4251146912574768,"orthographic":false}